feature,pearson_correlation,abs_pearson_correlation,missing_rate_before_fill
#4发电机有功功率362,0.9999330970975059,0.9999330970975059,0.02642559109874826
#4发电机有功功率2_364,0.999329040240192,0.999329040240192,0.0
#4发电机有功功率3_365,0.998874802282191,0.998874802282191,0.0
#4发电机有功功率1_363,0.9980369058861722,0.9980369058861722,0.0
机组负荷指令_367,0.98970150416253,0.98970150416253,0.16550764951321278
主蒸汽流量264,0.9866449009569598,0.9866449009569598,0.0013908205841446453
主蒸汽流量259,0.9863734615494356,0.9863734615494356,0.02642559109874826
主蒸汽流量263,0.9858958066121696,0.9858958066121696,0.02642559109874826
风量比值176,0.9818831214390883,0.9818831214390883,0.011126564673157162
总风量198,0.9818774901896583,0.9818774901896583,0.011126564673157162
风量指令信号148,0.9799629312706983,0.9799629312706983,0.0013908205841446453
给泵汽机A主蒸汽压力251,0.9773462173817038,0.9773462173817038,0.09596662030598054
B侧二次风量2_158,0.9757725592840327,0.9757725592840327,0.008344923504867872
总二次风量200,0.9754257476134133,0.9754257476134133,0.012517385257301807
#4机组B侧二次风量163,0.9752668816244104,0.9752668816244104,0.012517385257301807
B侧二次风量1_157,0.9751958577010551,0.9751958577010551,0.0
A侧二次风量2_142,0.9747996681293528,0.9747996681293528,0.0
末级再热器出口B压力310,0.9685213564604995,0.9685213564604995,0.07927677329624479
墙式再热器前墙进口集箱A压力307,0.9679219690937785,0.9679219690937785,0.06954102920723226
墙式再热器前墙进口集箱B压力308,0.9678777355099178,0.9678777355099178,0.07093184979137691
末级再热器出口A压力309,0.9675494438229304,0.9675494438229304,0.08205841446453407
给泵汽机B主蒸汽压力252,0.9672800005882315,0.9672800005882315,0.10013908205841446
汽包压力2235,0.966227224543794,0.966227224543794,0.03477051460361613
汽包压力3236,0.9661034288968673,0.9661034288968673,0.03337969401947149
汽包压力均值234,0.9659720516552457,0.9659720516552457,0.03337969401947149
汽包压力1_233,0.965948250065595,0.965948250065595,0.03337969401947149
总一次风量199,0.9659380886193235,0.9659380886193235,0.0
汽包压力237,0.9654826321159854,0.9654826321159854,0.030598052851182198
B侧二次风量3_159,0.9625419965875238,0.9625419965875238,0.025034770514603615
#4机组A侧二次风量147,0.9614922700076266,0.9614922700076266,0.030598052851182198
A侧二次风量1_141,0.9614388504068689,0.9614388504068689,0.030598052851182198
A侧二次风量3_143,0.9612910128307322,0.9612910128307322,0.030598052851182198
至高压缸的主蒸汽压力248,0.9500825224090707,0.9500825224090707,0.031988873435326845
至高压缸的主蒸汽压力250,0.9500261806369472,0.9500261806369472,0.031988873435326845
至高压缸的主蒸汽压力_249,0.9498154946903667,0.9498154946903667,0.031988873435326845
主蒸汽压力#2_277,0.9441039688880797,0.9441039688880797,0.2614742698191933
主蒸汽压力#1276,0.9441039688880797,0.9441039688880797,0.2614742698191933
AGC控制指令_361,0.9301431567570285,0.9301431567570285,0.03477051460361613
A磨总一次风量149,0.8993462072925877,0.8993462072925877,0.0
B2侧容量风量负荷162,0.8709478979355414,0.8709478979355414,0.016689847009735744
B2侧一次风量156,0.8705029080833923,0.8705029080833923,0.031988873435326845
B2侧容量风量161,0.870249697553651,0.870249697553651,0.019471488178025034
B磨B2侧风量定值218,0.870219092393927,0.870219092393927,0.030598052851182198
B磨总一次风量164,0.8685639060786451,0.8685639060786451,0.02642559109874826
A2侧一次风量140,0.8645847880462683,0.8645847880462683,0.02642559109874826
A磨A2侧风量定值207,0.8640613121185194,0.8640613121185194,0.02642559109874826
末级再热器横向第67排的_1管管壁温度_357,0.8617316312388194,0.8617316312388194,0.031988873435326845
B磨B2侧风量偏置217,0.8578834357326907,0.8578834357326907,0.02642559109874826
一次粉管A12煤粉浓度_73,0.8424970577659202,0.8424970577659202,0.0584144645340751
A磨A2侧风量偏置206,0.8371535182328005,0.8371535182328005,0.02642559109874826
A2侧容量风量145,0.8257139461552359,0.8257139461552359,0.02642559109874826
A2侧容量风量负荷146,0.8253966096013278,0.8253966096013278,0.02642559109874826
磨煤机A一次风总风量_A2侧_192,0.8218818670321062,0.8218818670321062,0.2753824756606398
给煤机B1给煤量信号120,0.8088471063517412,0.8088471063517412,0.04033379694019471
修正后汽包水位240,-0.7940522879134875,0.7940522879134875,0.02920723226703755
末级再热器入口烟气温度B_359,0.7779558450946741,0.7779558450946741,0.2239221140472879
末级再热器入口烟气温度A_358,0.7779398807874853,0.7779398807874853,0.2239221140472879
给煤机B1煤量指令132,0.7746759116780936,0.7746759116780936,0.10848400556328233
末级再热器横向第2排的_1管管壁温度_344,0.7627811642000302,0.7627811642000302,0.04450625869262865
摆角调节下限283,0.7457754251612121,0.7457754251612121,0.38803894297635605
摆角调节上限284,0.7457754251612121,0.7457754251612121,0.38803894297635605
摆角平均位置280,0.7396678109167806,0.7396678109167806,0.39221140472878996
B磨B1侧风量定值214,0.7355018572401718,0.7355018572401718,0.02642559109874826
B1侧一次风量152,0.7354003367313078,0.7354003367313078,0.02642559109874826
给煤机B2给煤量信号127,0.7202081204463805,0.7202081204463805,0.0458970792767733
给煤机B2给煤量信号126,0.7196524382463231,0.7196524382463231,0.0458970792767733
给煤机B1给煤量信号121,0.7044113501991007,0.7044113501991007,0.04728789986091794
给煤机B2煤量指令133,0.692512378502871,0.692512378502871,0.043115438108484005
末级再热器横向第62排的_1管管壁温度_356,0.6760515664871762,0.6760515664871762,0.030598052851182198
B1侧容量风量负荷155,0.6741509294599283,0.6741509294599283,0.02642559109874826
C2侧容量风量173,0.6738869463040374,0.6738869463040374,0.29207232267037553
B1侧容量风量154,0.6722981810788696,0.6722981810788696,0.02642559109874826
给煤机A2煤量指令131,0.6627042787146789,0.6627042787146789,0.030598052851182198
末级再热器横向第7排的_1管管壁温度_345,0.6619368552611591,0.6619368552611591,0.03337969401947149
末级再热器横向第22排的_1管管壁温度_348,0.6604333688928404,0.6604333688928404,0.03616133518776078
C2侧容量风量负荷174,0.6576061944184085,0.6576061944184085,0.2865090403337969
屏式再热器横向第33片屏排_1管管壁温度_343,0.6416481394838518,0.6416481394838518,0.01808066759388039
B磨B1侧风量偏置213,0.6393913855384693,0.6393913855384693,0.02642559109874826
末级再热器横向第57排的_1管管壁温度_355,0.6365191726615147,0.6365191726615147,0.022253129346314324
给煤机A1煤量指令130,0.6324529356577709,0.6324529356577709,0.01808066759388039
末级再热器横向第52排的_1管管壁温度_354,0.6304079047651524,0.6304079047651524,0.02086230876216968
给煤机A2给煤量信号124,0.6266613192039836,0.6266613192039836,0.02920723226703755
给煤机A2给煤量信号125,0.6260223415200987,0.6260223415200987,0.02920723226703755
给煤机A1给煤量信号119,0.620233361320208,0.620233361320208,0.02642559109874826
给煤机A1给煤量信号118,0.6189221829147339,0.6189221829147339,0.02920723226703755
一次粉管B13煤粉浓度91,0.6059660351359062,0.6059660351359062,0.09596662030598054
一次粉管B14煤粉浓度93,0.6054670061559955,0.6054670061559955,0.10013908205841446
一次粉管B12煤粉浓度89,0.6003198939506339,0.6003198939506339,0.10013908205841446
再热器减温器进口A汽温313,0.5572921114613864,0.5572921114613864,0.06397774687065369
再热器减温器进口B汽温314,0.5543402100089667,0.5543402100089667,0.06536856745479833
汽包水位3_243,-0.54227830159159,0.54227830159159,0.022253129346314324
屏式再热器横向第2片屏排_1管管壁温度327,0.5298396295120388,0.5298396295120388,0.030598052851182198
摆角综合前馈量281,0.5293754003709978,0.5293754003709978,0.054242002781641166
一次粉管B11煤粉浓度87,0.49075787128559173,0.49075787128559173,0.10987482614742698
一次粉管A24煤粉浓度_85,0.4763842177199125,0.4763842177199125,0.27816411682892905
汽包水位1239,0.4759860081747136,0.4759860081747136,0.015299026425591099
末级再热器B出口汽温3_326,0.47589842524885045,0.47589842524885045,0.05006954102920723
屏式再热器横向第16片屏排_1管管壁温度334,0.46714560564169044,0.46714560564169044,0.027816411682892908
屏式再热器横向第14片屏排_1管管壁温度333,0.4578102812726872,0.4578102812726872,0.031988873435326845
末级再热器B出口汽温1_322,0.3811632934692824,0.3811632934692824,0.03616133518776078
一次粉管A22风速35,-0.370584940845372,0.370584940845372,0.02642559109874826
末级再热器B出口汽温2_324,0.36999546390522353,0.36999546390522353,0.03477051460361613
一次粉管A24风速37,-0.35589517753662836,0.35589517753662836,0.02642559109874826
一次粉管B24风速45,0.3469921252174035,0.3469921252174035,0.3560500695410292
一次粉管A21风速34,-0.3440634723149098,0.3440634723149098,0.02642559109874826
一次粉管A23风速36,-0.34397054872117566,0.34397054872117566,0.02642559109874826
屏式再热器横向第12片屏排_1管管壁温度332,0.3362195857495469,0.3362195857495469,0.030598052851182198
屏式再热器横向第19片屏排_1管管壁温度336,0.3362068338061336,0.3362068338061336,0.030598052851182198
汽包水位4_244,0.3348842764770152,0.3348842764770152,0.02364394993045897
B1侧旁路风量153,0.334502000941981,0.334502000941981,0.31710709318497915
屏式再热器横向第23片屏排_1管管壁温度338,-0.3335528504899549,0.3335528504899549,0.02086230876216968
主蒸汽流量累计269,-0.3292562773721176,0.3292562773721176,0.0
主蒸汽流量累计268,-0.32925545289078606,0.32925545289078606,0.0
一次粉管A14风速33,-0.3286692473294622,0.3286692473294622,0.02642559109874826
末级再热器横向第47排的_1管管壁温度_353,0.3275382482501952,0.3275382482501952,0.02364394993045897
一次粉管A13风速32,-0.32255076667633226,0.32255076667633226,0.02642559109874826
一次粉管A11风速30,-0.31971062112736565,0.31971062112736565,0.02642559109874826
一次粉管A12风速31,-0.31763193691311464,0.31763193691311464,0.02642559109874826
末级再热器横向第17排的_1管管壁温度_347,0.3095306946189064,0.3095306946189064,0.037552155771905425
屏式再热器横向第21片屏排_1管管壁温度337,-0.2997267119758342,0.2997267119758342,0.031988873435326845
屏式再热器横向第25片屏排_1管管壁温度_339,-0.2849993201102692,0.2849993201102692,0.02642559109874826
屏式再热器横向第31片屏排_1管管壁温度_342,0.27183832754815435,0.27183832754815435,0.02920723226703755
屏式再热器横向第17片屏排_1管管壁温度335,0.2551665697519431,0.2551665697519431,0.031988873435326845
过热器二级减温器喷水阀位置反馈304,-0.2549480322909166,0.2549480322909166,0.03616133518776078
汽包水位2_242,0.2358134853051741,0.2358134853051741,0.015299026425591099
一次粉管B11风速38,-0.2333179709709357,0.2333179709709357,0.02642559109874826
屏式再热器横向第4片屏排_1管管壁温度328,0.2262679428300973,0.2262679428300973,0.025034770514603615
至高压缸的主蒸汽温度258,-0.21757890236799252,0.21757890236799252,0.02920723226703755
屏式再热器横向第10片屏排_1管管壁温度331,0.21462014693883527,0.21462014693883527,0.031988873435326845
末级再热器进口B汽温_320,0.2086209138710817,0.2086209138710817,0.031988873435326845
汽包水位6_246,-0.19810379702812822,0.19810379702812822,0.025034770514603615
一次粉管B14风速41,-0.1980078358556865,0.1980078358556865,0.03477051460361613
一次粉管B12风速39,-0.1915624798490292,0.1915624798490292,0.02642559109874826
再热器减温器出口A汽温2_317,0.18719954822124116,0.18719954822124116,0.17524339360222532
再热器减温器出口A汽温1_315,0.18361731586007327,0.18361731586007327,0.17524339360222532
一次粉管B21风速42,0.17965857525291734,0.17965857525291734,0.18497913769123783
一次粉管B13风速40,-0.1783510015639963,0.1783510015639963,0.02642559109874826
末级再热器A出口汽温3_325,0.17613072794531023,0.17613072794531023,0.03616133518776078
A磨A1侧风量定值202,0.14747465894012202,0.14747465894012202,0.027816411682892908
末级再热器横向第34排的_1管管壁温度_350,0.14456359374352362,0.14456359374352362,0.03477051460361613
A1侧一次风量136,0.14452874446405686,0.14452874446405686,0.012517385257301807
末级再热器横向第38排的_1管管壁温度_351,0.13912010805478042,0.13912010805478042,0.03477051460361613
末级再热器横向第42排的_1管管壁温度_352,0.13912010805478042,0.13912010805478042,0.03477051460361613
A1侧容量风量负荷139,0.13499849543946774,0.13499849543946774,0.012517385257301807
锅炉主给水调节阀位置反馈302,-0.1349461636742432,0.1349461636742432,0.031988873435326845
A1侧容量风量138,0.1338447609710751,0.1338447609710751,0.013908205841446454
末级再热器A出口汽温2_323,0.12942433891165933,0.12942433891165933,0.03894297635605007
A磨A1侧风量偏置201,0.1278795631498904,0.1278795631498904,0.011126564673157162
过热器一级减温器喷水阀位置反馈303,-0.12164043788588663,0.12164043788588663,0.02642559109874826
热网1A加热器温度调节阀位置反馈285,0.10431532756398235,0.10431532756398235,0.0
屏式再热器横向第6片屏排_1管管壁温度329,0.10188131076099224,0.10188131076099224,0.031988873435326845
末级再热器进口A汽温_319,-0.10063617347239288,0.10063617347239288,0.031988873435326845
主蒸汽温度247,-0.09377050469362322,0.09377050469362322,0.03894297635605007
一次粉管B23风速44,0.08524011069861126,0.08524011069861126,0.18636995827538247
热网#3减温器出口温度调节阀位置反馈299,-0.080682834350057,0.080682834350057,0.2141863699582754
末级再热器横向第28排的_1管管壁温度_349,0.07715415447775734,0.07715415447775734,0.03337969401947149
再热器减温器出口B汽温2_318,0.07702235747887773,0.07702235747887773,0.15299026425591097
再热器减温器出口B汽温1_316,0.07420135548420664,0.07420135548420664,0.15438108484005564
末级再热器A出口汽温1_321,0.05396369208310827,0.05396369208310827,0.03894297635605007
屏式再热器横向第29片屏排_1管管壁温度_341,0.0524693188118842,0.0524693188118842,0.027816411682892908
屏式再热器横向第27片屏排_1管管壁温度_340,0.04339696323025214,0.04339696323025214,0.01808066759388039
一次粉管A13煤粉浓度75,-0.013441227869543097,0.013441227869543097,0.12934631432545202
一次粉管A11煤粉浓度71,-0.008231358119657254,0.008231358119657254,0.13073713490959665
末级再热器横向第12排的_1管管壁温度_346,-0.002546851039561494,0.002546851039561494,0.031988873435326845
汽包水位5_245,-0.0024899900894733663,0.0024899900894733663,0.02920723226703755
屏式再热器横向第8片屏排_1管管壁温度330,0.0013095619526431574,0.0013095619526431574,0.031988873435326845
